{
  "playwright.config.ts": 1775659662.803979,
  "vite.config.ts": 1775620992.9011767,
  "auto-dev\\dashboard_server.py": 1775641795.7207792,
  "auto-dev\\guides\\harness_core.py": 1775483859.5176194,
  "auto-dev\\guides\\schemas\\schema_validator.py": 1775483606.9195797,
  "auto-dev\\memory\\memory_tier_manager.py": 1775483730.3335547,
  "auto-dev\\scripts\\agent_spawner.py": 1775562825.5305142,
  "auto-dev\\scripts\\auto_archive_hook.py": 1775189429.281346,
  "auto-dev\\scripts\\auto_heartbeat.py": 1775354090.18752,
  "auto-dev\\scripts\\auto_learn_hook.py": 1775188814.1284704,
  "auto-dev\\scripts\\auto_reflect_hook.py": 1775189710.357982,
  "auto-dev\\scripts\\checkpoint_ops.py": 1775227852.1334116,
  "auto-dev\\scripts\\daily_routine_ops.py": 1775186540.3476906,
  "auto-dev\\scripts\\guardian_agent.py": 1775203331.944479,
  "auto-dev\\scripts\\install_hooks.py": 1775311765.8371997,
  "auto-dev\\scripts\\knowledge_refine_ops.py": 1775186619.1120007,
  "auto-dev\\scripts\\knowledge_sync_ops.py": 1775186465.1484747,
  "auto-dev\\scripts\\memory_ops.py": 1775182101.4869545,
  "auto-dev\\scripts\\model_escalation.py": 1775227913.5339932,
  "auto-dev\\scripts\\notification_ops.py": 1775227967.565184,
  "auto-dev\\scripts\\orchestrator_ops.py": 1775228038.4822557,
  "auto-dev\\scripts\\pace_control.py": 1775227717.9497616,
  "auto-dev\\scripts\\pipeline_ops.py": 1775188511.509087,
  "auto-dev\\scripts\\pipeline_runner.py": 1775649011.535602,
  "auto-dev\\scripts\\quality_gate.py": 1775354388.9122207,
  "auto-dev\\scripts\\reviewer.py": 1775354196.5021722,
  "auto-dev\\scripts\\rule_guard.py": 1775296947.20845,
  "auto-dev\\scripts\\security_scan.py": 1775311584.8723366,
  "auto-dev\\scripts\\self_improve_ops.py": 1775187818.974547,
  "auto-dev\\scripts\\start_dev.py": 1775484023.2115285,
  "auto-dev\\scripts\\task_ops.py": 1775188558.347134,
  "auto-dev\\scripts\\team_launcher.py": 1775227668.5175333,
  "auto-dev\\sensors\\runtime\\telemetry\\telemetry.py": 1775483646.920054,
  "auto-dev\\sensors\\runtime\\telemetry\\__init__.py": 1775483654.5367012,
  "src\\env.d.ts": 1775621449.0050006,
  "src\\main.ts": 1775621012.7777581,
  "src\\api\\bussiness-source.ts": 1775630309.885577,
  "src\\components\\form-designer\\designer.ts": 1775693750.8286338,
  "src\\components\\form-designer\\index.ts": 1775621884.0994704,
  "src\\components\\form-designer\\setting-panel\\property-editor-factory.tsx": 1775630505.9522216,
  "src\\components\\form-designer\\setting-panel\\propertyRegister.ts": 1775630535.1135912,
  "src\\components\\form-designer\\widget-panel\\widgetsConfig.ts": 1775693738.4986284,
  "src\\components\\form-render\\index.ts": 1775621880.5711691,
  "src\\components\\form-render\\container-item\\index.ts": 1775621587.1079419,
  "src\\components\\form-render\\field-widget\\index.ts": 1775621668.887612,
  "src\\components\\form-render\\field-widget\\useRefExpose.ts": 1775621633.8828425,
  "src\\extension\\extension-loader.ts": 1775630440.7118092,
  "src\\extension\\data-wrapper\\data-wrapper-schema.ts": 1775630397.9908676,
  "src\\extension\\edit-table\\edit-table-schema.ts": 1775630408.673774,
  "src\\extension\\tree-view\\tree-view-schema.ts": 1775630419.0584545,
  "src\\lang\\en-US.ts": 1775621769.3335927,
  "src\\lang\\index.ts": 1775621769.339584,
  "src\\lang\\zh-CN.ts": 1775621769.320592,
  "src\\stores\\designer.ts": 1775621769.3006217,
  "src\\stores\\form.ts": 1775621769.307588,
  "src\\styles\\theme\\index.ts": 1775654236.0520947,
  "src\\styles\\theme\\theme-manager.ts": 1775654217.5179293,
  "src\\styles\\theme\\theme-presets.ts": 1775654178.7676842,
  "src\\styles\\theme\\theme-schema.ts": 1775654156.629005,
  "src\\types\\api.ts": 1775630291.3841527,
  "src\\types\\form.ts": 1775621769.273595,
  "src\\types\\widget.ts": 1775630377.793383,
  "src\\utils\\code-generator.ts": 1775621852.9354267,
  "src\\utils\\data-adapter.ts": 1775630362.5484338,
  "src\\utils\\event-bus.ts": 1775621178.4367747,
  "src\\utils\\export.ts": 1775621852.9444773,
  "src\\utils\\http.ts": 1775630322.577987,
  "src\\utils\\i18n.ts": 1775621172.8134637,
  "src\\utils\\linkWidgetUtils.ts": 1775630350.623254,
  "src\\utils\\sfc-generator.ts": 1775621852.9414277,
  "src\\utils\\util.ts": 1775628083.284505,
  "src\\utils\\validators.ts": 1775621852.9184053,
  "src\\utils\\widget-package.ts": 1775656877.6874537,
  "tests\\app.spec.ts": 1775706320.0106196,
  "CLAUDE_CODE_TASK.md": 1775656653.0730767,
  "SPEC.md": 1775620979.0555253,
  "auto-dev\\CLAUDE.md": 1775202264.227637,
  "auto-dev\\MEMORY.md": 1775204112.6836016,
  "auto-dev\\QUICKSTART.md": 1775137405.957749,
  "auto-dev\\README.md": 1775180171.3968172,
  "auto-dev\\RULES.md": 1775179185.0323665,
  "auto-dev\\agents\\architect.md": 1775179989.944811,
  "auto-dev\\agents\\backend-dev.md": 1775178848.4726937,
  "auto-dev\\agents\\devops.md": 1775178949.5159824,
  "auto-dev\\agents\\frontend-dev.md": 1775178901.770543,
  "auto-dev\\agents\\operation.md": 1775179543.8596184,
  "auto-dev\\agents\\orchestrator.md": 1775180128.9715505,
  "auto-dev\\agents\\product-manager.md": 1775179541.742113,
  "auto-dev\\agents\\project-manager.md": 1775179988.9154856,
  "auto-dev\\agents\\reviewer.md": 1775227600.5004876,
  "auto-dev\\agents\\tester.md": 1775179542.7954178,
  "auto-dev\\agents\\ui-designer.md": 1775179544.8977997,
  "auto-dev\\guides\\HARNESS.md": 1775483771.8328578,
  "auto-dev\\logs\\README.md": 1775137366.8920567,
  "auto-dev\\memory\\MEMORY_INDEX.md": 1775181451.9768467,
  "auto-dev\\memory\\agents\\orchestrator.md": 1775137365.8566146,
  "auto-dev\\memory\\cold\\COLD.md": 1775483679.26809,
  "auto-dev\\memory\\entities\\AGENTS.md": 1775181637.7676566,
  "auto-dev\\memory\\entities\\RELATIONS.md": 1775181640.955216,
  "auto-dev\\memory\\entities\\SKILLS.md": 1775181638.8207521,
  "auto-dev\\memory\\entities\\TASKS.md": 1775181639.900214,
  "auto-dev\\memory\\episodic\\daily-logs\\README.md": 1775181682.961449,
  "auto-dev\\memory\\graph\\INDEX.md": 1775187804.7735772,
  "auto-dev\\memory\\hot\\HOT.md": 1775483662.8487394,
  "auto-dev\\memory\\longterm\\knowledge\\tech\\README.md": 1775187788.8594186,
  "auto-dev\\memory\\longterm\\projects\\README.md": 1775181680.8824565,
  "auto-dev\\memory\\project\\state.md": 1775201647.959993,
  "auto-dev\\memory\\reference\\tech.md": 1775137403.8891654,
  "auto-dev\\memory\\user\\profile.md": 1775137363.729535,
  "auto-dev\\memory\\warm\\WARM.md": 1775483670.7631276,
  "auto-dev\\memory\\warm\\projects\\README.md": 1775483947.88664,
  "auto-dev\\memory\\working\\tasks\\README.md": 1775181681.9442916,
  "auto-dev\\reports\\README.md": 1775137367.9341578,
  "auto-dev\\self-improving\\corrections.md": 1775200987.3189185,
  "auto-dev\\self-improving\\heartbeat-state.md": 1775189661.020044,
  "auto-dev\\self-improving\\index.md": 1775200987.3210323,
  "auto-dev\\self-improving\\memory.md": 1775222286.0812747,
  "auto-dev\\self-improving\\domains\\code.md": 1775200987.3189185,
  "auto-dev\\self-improving\\domains\\comms.md": 1775187198.4917524,
  "auto-dev\\skills\\architect-skill.md": 1775180355.8551855,
  "auto-dev\\skills\\backend-dev-skill.md": 1775296766.521997,
  "auto-dev\\skills\\daily-routine.md": 1775189518.6685297,
  "auto-dev\\skills\\devops-skill.md": 1775180359.9925404,
  "auto-dev\\skills\\exception-handler-skill.md": 1775180925.9210284,
  "auto-dev\\skills\\frontend-dev-skill.md": 1775180357.9345925,
  "auto-dev\\skills\\guardian-skill.md": 1775201833.7847123,
  "auto-dev\\skills\\knowledge-refiner.md": 1775189525.9337423,
  "auto-dev\\skills\\knowledge-sync.md": 1775189512.1035602,
  "auto-dev\\skills\\memory-ops.md": 1775189494.1096897,
  "auto-dev\\skills\\operation-skill.md": 1775180361.0121832,
  "auto-dev\\skills\\orchestrator-skill.md": 1775350531.901644,
  "auto-dev\\skills\\product-manager-skill.md": 1775180354.7678995,
  "auto-dev\\skills\\project-manager-skill.md": 1775189487.5889218,
  "auto-dev\\skills\\quality-gate-skill.md": 1775311805.6568658,